id,label,date_short,distance_sum_um,nearer_to_center_um,farther_to_center_um,tau,qc,pron_min_distance_um,transcript_total,spread_rms,spread_axis0,spread_axis1,spread_axis2,aniso_01,aniso_02,planarity,blobsep_p95,blobsep_p98,blobsep_p99,blobsep_p99,blobsep_p95_norm,blobsep_p98_norm,blobsep_p99_norm,blobsep_p99_norm,blob_count_p98,top2_massfrac_p98,principal_bimodality,dnavol_p95,dnavol_p98,dnavol_p99,dnavol_p99,radial_0,radial_1,radial_2,radial_3,radial_4,radial_5,radial_6,radial_7,radial_8,radial_9,intensity_cv,intensity_p90_over_p50,dna_extent_rms
20251226_zygote_p1_1,Z-P1_1-fov1,Dec 26,69.4475,28.5278,40.9197,0.0,caution,38.98,158525,98.20950288396462,68.25457340669502,61.034673891604356,35.513212312195115,1.118291750188118,1.921948678838832,0.3739157675695048,220.53842338163952,95.44120229087495,92.65754398796352,92.65754398796352,2.2455914617205233,0.9718122841109101,0.9434682013813981,0.9434682013813981,3896.0,0.7626018038802319,0.3425548955852045,0.04999411305168263,0.019999912491308797,0.004999795813053857,0.004999795813053857,0.9999999999994849,0.9471083088218728,0.8215211369787425,0.7685988636723206,0.739800055248649,0.7182914629782529,0.7071416111506847,0.6925257176585894,0.6785473710129832,0.673176133142975,0.17233282327651978,1.125550627708435,98.20950288396462
20251226_zygote_p1_10,Z-P1_1-fov10,Dec 26,42.063,16.9184,25.1447,0.1405,pass,3.89,127694,94.49062838736116,63.48897620552333,61.99495142399022,32.46928935702113,1.0240991197366411,1.9553545983734297,0.465051783262945,209.6638915687872,91.85808801583286,135.4805135770603,135.4805135770603,2.2188855437641033,0.9721396567194375,1.433798403666701,1.433798403666701,6547.0,0.7176913591705228,0.30387798876564487,0.049994842290776,0.019999978785771828,0.004999795813053857,0.004999795813053857,0.9999999999997328,0.7463643723155581,0.5316585424784344,0.44407049128432585,0.39779391825597443,0.36662767724644285,0.3340557183246354,0.3094412191679683,0.287856544620516,0.27018610922021563,0.40744733810424805,1.4155946969985962,94.49062838736116
20251226_zygote_p1_2_2,Z-P1_1-fov2_2,Dec 26,47.2892,20.0002,27.289,0.0867,pass,2.73,162294,95.25298451867602,69.7322425142779,56.721807627969845,31.514789433861818,1.2293726910515428,2.212683046730732,0.36148296575237554,150.3615274644976,114.66341833040339,99.79812968028955,99.79812968028955,1.578549235446448,1.2037776843007364,1.0477165533118369,1.0477165533118369,6517.0,0.7943071752000478,0.42569691638527307,0.04999736148037127,0.01999958101899363,0.0049997295185908236,0.0049997295185908236,0.9999999999995585,0.8605070079943442,0.6980412779345326,0.5759109893005053,0.4725251528466992,0.4235861607127898,0.407258992878778,0.3702153368942371,0.3435314124516954,0.34351119152709986,0.47552070021629333,1.4687285423278809,95.25298451867602
20251226_zygote_p1_4,Z-P1_0-fov4,Dec 26,47.515,17.6347,29.8802,0.0867,pass,0.3,42297,106.18918923352449,75.93013834912365,64.9461714254071,35.95487195830143,1.1691241456350951,2.1118177343355775,0.38181543871274715,128.6306297327901,92.53355308264592,48.906989511401854,48.906989511401854,1.2113345007143745,0.8714027565249537,0.460564671449596,0.460564671449596,26080.0,0.6569123805166257,0.3905813451118451,0.049996897419130035,0.01999513928997039,0.0049997295185908236,0.0049997295185908236,0.999999999999751,0.8834483872036006,0.7838913746915475,0.6950158968872172,0.6289704630565981,0.5782804561073486,0.5687394528814569,0.5227058214107404,0.498618711275207,0.48786735307446233,0.2457820177078247,1.3603501319885254,106.18918923352449
20251226_zygote_p1_7,Z-P1_0-fov7,Dec 26,43.5624,16.3709,27.1916,0.14007,pass,17.64,181338,92.57122553043008,63.150868507393646,59.62549974181467,32.03434693429047,1.0591251682873781,1.9713486485484284,0.43690851801009417,143.28764916972048,67.040291344275,146.0029040678587,146.0029040678587,1.5478637859747797,0.7242022587033291,1.5771953072250213,1.5771953072250213,4882.0,0.7265251057397807,0.3137272577872504,0.0499926545734959,0.019999978785771828,0.004999530635201723,0.004999530635201723,0.9999999999996492,0.690821880390649,0.456772614521612,0.40896492006853097,0.3809503072108652,0.36201178490735747,0.3449812792546838,0.3313572242175205,0.3190725189546511,0.3108986135861399,0.375450074672699,1.2658032178878784,92.57122553043008
20251226_zygote_p1_8,Z-P1_0-fov8,Dec 26,49.8099,24.8939,24.916,0.05248,pass,28.01,140000,92.72535404363238,65.00629377328676,57.815848583562556,32.08583339950329,1.1243680451211167,2.0260122571190826,0.39580805633968524,109.00554708235654,55.5194470252619,103.42585029221426,103.42585029221426,1.1755743294923318,0.5987515173076118,1.115399884352524,1.115399884352524,6330.0,0.7029055409145907,0.352146142633528,0.049998024425001605,0.019998719190974193,0.004999530635201723,0.004999530635201723,0.9999999999997211,0.611807444390049,0.3901530938061987,0.330325080953078,0.2939256003347246,0.26617900274316475,0.25616708490239526,0.2363950787096562,0.2181218597583986,0.21327794882383008,0.4880523979663849,1.439280390739441,92.72535404363238
20260407_zygote_p1_0_1,Z-P1_1-fov0_1,Apr 7,37.1443,18.5136,18.6308,0.24187,pass,2.66,13780,78.76607938903616,62.296827709277196,41.89121856429589,23.839595778430738,1.4871094314564457,2.613166165865744,0.2897679249469872,101.29703041186309,113.12558521866897,117.31820205511306,117.31820205511306,1.2860488920045732,1.4362220978868905,1.489450807703809,1.489450807703809,190.0,0.9984851699128889,0.48231323051030983,0.0499930523402741,0.019999978785771828,0.004999994696442957,0.004999994696442957,0.9999999999994947,0.8020850078076426,0.6204670026714451,0.4410484246983717,0.3401506842216507,0.3046654627716167,0.28152169354446477,0.26139286692260894,0.25448899842345984,0.25290508719590726,0.75505530834198,1.4654027223587036,78.76607938903616
20260407_zygote_p1_0_2,Z-P1_1-fov0_2,Apr 7,44.0185,20.1462,23.8723,0.12697,pass,6.62,12683,78.76607938903616,62.296827709277196,41.89121856429589,23.839595778430738,1.4871094314564457,2.613166165865744,0.2897679249469872,101.29703041186309,113.12558521866897,117.31820205511306,117.31820205511306,1.2860488920045732,1.4362220978868905,1.489450807703809,1.489450807703809,190.0,0.9984851699128889,0.48231323051030983,0.0499930523402741,0.019999978785771828,0.004999994696442957,0.004999994696442957,0.9999999999994947,0.8020850078076426,0.6204670026714451,0.4410484246983717,0.3401506842216507,0.3046654627716167,0.28152169354446477,0.26139286692260894,0.25448899842345984,0.25290508719590726,0.75505530834198,1.4654027223587036,78.76607938903616
20260407_zygote_p1_1,Z-P1_1-fov1,Apr 7,32.2331,15.5291,16.704,0.37004,pass,3.86,7271,70.94930962080429,49.99984776075861,42.212674043063984,27.420975724867,1.1844747510019304,1.823416002370759,0.29583486120073943,156.8539537854681,166.6530452242362,23.755230287875996,23.755230287875996,2.2107889761436836,2.3489029529114123,0.3348197477892098,0.3348197477892098,4159.0,0.9804938206121042,0.41021629659125525,0.04998363852652336,0.019997592185102626,0.004999530635201723,0.004999530635201723,0.9999999999997199,0.44880037436572945,0.22647793464395902,0.1915781883839881,0.17574072537702828,0.16662792560880405,0.15781856477688336,0.14815867468966792,0.14407389872963966,0.1436514456219621,0.6170927286148071,1.2732939720153809,70.94930962080429
20260407_zygote_p1_10,Z-P1_0-fov10,Apr 7,26.9786,7.9274,19.0512,0.54753,caution,1.24,21238,73.15739544538457,53.24969638839442,42.57595661108388,26.528517892021235,1.2506987364749684,2.007262320415856,0.30136206412621097,129.50302605848572,54.423709509939485,24.081028930656405,24.081028930656405,1.7701973054107498,0.7439262761431011,0.3291673856741748,0.3291673856741748,4664.0,0.9621353526043755,0.36489758373230663,0.04998224634279965,0.019996200001378923,0.004999928401979924,0.004999928401979924,0.9999999999997372,0.40190874049508657,0.18241383993459873,0.15188830474120904,0.1374514329930265,0.12848910974561298,0.12252213916129062,0.115833242193948,0.11657284447720687,0.12522358665963015,0.8035227060317993,1.3501304388046265,73.15739544538457
20260407_zygote_p1_11,Z-P1_0-fov11,Apr 7,29.0672,12.5723,16.4949,0.46495,pass,0.3,11653,78.97440427991043,54.808918290801444,49.010992232489265,28.8246708141804,1.1182984607312294,1.9014585367746666,0.3683035841521642,149.08863786780375,144.03896400025826,137.95382236371032,137.95382236371032,1.887809567408405,1.823868929303593,1.746816856356918,1.746816856356918,6407.0,0.9304998822987225,0.3111917227641613,0.04997468877401384,0.01999513928997039,0.004999663224127791,0.004999663224127791,0.9999999999996576,0.36754865897347355,0.22060131705375208,0.18806781061861522,0.17141335870786978,0.1606631642859602,0.15285186688496424,0.1449988598817659,0.14278453972989355,0.13988471098166408,0.6061751246452332,1.333194375038147,78.97440427991043
20260407_zygote_p1_12,Z-P1_0-fov12,Apr 7,27.0371,10.7865,16.2507,0.54753,pass,1.35,6775,70.59377980755255,49.15279376606113,43.645381077746386,25.740344268998726,1.1261854387826022,1.909562333076394,0.36427301629470465,82.39562354528435,86.67965796493796,37.36304254474985,37.36304254474985,1.1671796382446933,1.2278653582988779,0.5292681893126842,0.5292681893126842,3670.0,0.9808558819921288,0.3182729980501661,0.04999358269597837,0.019994874112118255,0.004999663224127791,0.004999663224127791,0.9999999999997001,0.42826142824685637,0.19595002733993663,0.1674367002347714,0.15245728609115056,0.14325234733719616,0.13570698321838184,0.12872620230936482,0.12712987997820238,0.12437614888328853,0.7190567851066589,1.324123740196228,70.59377980755255
20260407_zygote_p1_2,Z-P1_1-fov2,Apr 7,37.5179,13.94,23.578,0.24036,pass,12.25,53563,72.08777982561068,49.567654813816326,44.40954019311147,27.70357984594212,1.1161487707849806,1.789214726047833,0.33703349639772123,156.1011181582512,61.64501568163619,50.770889137058035,50.770889137058035,2.1654310393585186,0.8551382075523057,0.7042925799017054,0.7042925799017054,5410.0,0.9439223213427349,0.3437344674501245,0.049992588279032864,0.019997923657417795,0.004999928401979924,0.004999928401979924,0.9999999999997247,0.38963264452557583,0.19335444011567746,0.16717911473066152,0.15304009309742364,0.14503232228173438,0.13582242979390552,0.12755276050161377,0.12360038883119605,0.11806351591379942,0.6770719289779663,1.2989007234573364,72.08777982561068
20260407_zygote_p1_3,Z-P1_0-fov3,Apr 7,33.8282,13.8382,19.9899,0.32671,pass,9.14,4586,71.11078223123128,48.6170562545652,43.697219621923175,27.994252767156578,1.1125892119137142,1.736679843618611,0.32299295229951563,158.97986300674327,162.58530858655843,23.703088346113596,23.703088346113596,2.2356646317589792,2.286366444001594,0.333326216771346,0.333326216771346,5797.0,0.9701155523135331,0.31639216904272294,0.049993118634737134,0.019994078578561857,0.00499986210751689,0.00499986210751689,0.999999999999676,0.33316705899133764,0.19661108449351533,0.17354957454366574,0.15837956886172558,0.14790237151767294,0.14426348459179747,0.13714770406330234,0.12942591160544317,0.12868633663973533,0.6694836020469666,1.2977880239486694,71.11078223123128
20260407_zygote_p1_4,Z-P1_0-fov4,Apr 7,39.8026,18.3782,21.4244,0.2003,pass,0.42,5526,72.7812285900416,50.55181174195384,45.50110327351499,25.90890128073494,1.1110018657586458,1.9511367635031995,0.38756675438703186,89.19736486566161,61.49967324281006,49.62477823337218,49.62477823337218,1.2255545195936919,0.844993600537148,0.6818348427595426,0.6818348427595426,4470.0,0.9739678119768618,0.4046393681803059,0.04997110887301004,0.019998719190974193,0.00499986210751689,0.00499986210751689,0.9999999999997146,0.42371405992805605,0.21330812432167068,0.17429396514926215,0.15850945775657987,0.14958478066839667,0.13878752230314947,0.12850306024453084,0.12351069510333924,0.11630525528316978,0.7170118093490601,1.337093710899353,72.7812285900416
20260407_zygote_p1_5,Z-P1_0-fov5,Apr 7,41.7483,19.4785,22.2698,0.15275,pass,5.48,4188,88.41604664553601,71.90617683119682,43.41358875146197,27.607233647455285,1.656305715395842,2.6046135279190237,0.21981915296781399,137.69741198123222,136.85766349449216,128.87054923936594,128.87054923936594,1.5573803132805422,1.5478826201682392,1.4575470479749773,1.4575470479749773,2809.0,0.9822044236991461,0.34334666247613826,0.049988743200176926,0.019997592185102626,0.004999795813053857,0.004999795813053857,0.9999999999996156,0.3634841588979766,0.2511747876726217,0.23317408146011284,0.19895000431241386,0.1826201910571385,0.18002586593410216,0.16338517054297844,0.15875843891296923,0.16858958446127814,0.7255507707595825,1.4081592559814453,88.41604664553601
20260407_zygote_p1_6_0,Z-P1_1-fov6_0,Apr 7,31.639,15.5773,16.0617,0.38418,pass,1.59,11073,82.4747993786793,70.33609928341558,36.99407925108481,22.053656624500146,1.9012798481820088,3.1893167328977143,0.2124147140143259,198.71743508058222,99.76022685691066,107.10918401924567,107.10918401924567,2.4094321437357857,1.2095843384750993,1.2986898243761578,1.2986898243761578,768.0,0.9792197718782423,0.39668626098932463,0.04998794766662053,0.01999977990238273,0.004999994696442957,0.004999994696442957,0.9999999999995252,0.6558866183363351,0.4953062129533132,0.3287472767529509,0.2695236353531717,0.25342112238008185,0.24296539375922102,0.23436323968159758,0.22199977761453618,0.20470859728060653,0.7791008353233337,1.3655210733413696,82.4747993786793
20260407_zygote_p1_6_1,Z-P1_1-fov6_1,Apr 7,28.2133,8.6492,19.5641,0.53035,pass,1.08,8727,82.4747993786793,70.33609928341558,36.99407925108481,22.053656624500146,1.9012798481820088,3.1893167328977143,0.2124147140143259,198.71743508058222,99.76022685691066,107.10918401924567,107.10918401924567,2.4094321437357857,1.2095843384750993,1.2986898243761578,1.2986898243761578,768.0,0.9792197718782423,0.39668626098932463,0.04998794766662053,0.01999977990238273,0.004999994696442957,0.004999994696442957,0.9999999999995252,0.6558866183363351,0.4953062129533132,0.3287472767529509,0.2695236353531717,0.25342112238008185,0.24296539375922102,0.23436323968159758,0.22199977761453618,0.20470859728060653,0.7791008353233337,1.3655210733413696,82.4747993786793
20260407_zygote_p1_7_0,Z-P1_0-fov7_0,Apr 7,28.8762,10.6756,18.2007,0.46495,pass,1.9,11359,108.04746038778244,98.73213979829828,37.95691260130083,22.03386150623426,2.601163541255752,4.480927471085154,0.16127525409983834,39.30976822408443,208.40504596475108,205.8306875964903,205.8306875964903,0.36381945229607604,1.928828713677827,1.9050025327088784,1.9050025327088784,976.0,0.9914578644329607,0.6162919469300836,0.04999756036376037,0.01999977990238273,0.004999596929664757,0.004999596929664757,0.8596254290667049,0.8757286671242877,0.9556834294766383,0.9999999999987912,0.9216761111428498,0.7643769046963151,0.7188465332332687,0.6928567811669114,0.6941383335290207,0.7196261467125902,0.5595616698265076,1.2014769315719604,108.04746038778244
20260407_zygote_p1_7_1,Z-P1_1-fov7_1,Apr 7,23.7011,10.9561,12.745,0.64342,pass,0.3,9942,108.04746038778244,98.73213979829828,37.95691260130083,22.03386150623426,2.601163541255752,4.480927471085154,0.16127525409983834,39.30976822408443,208.40504596475108,205.8306875964903,205.8306875964903,0.36381945229607604,1.928828713677827,1.9050025327088784,1.9050025327088784,976.0,0.9914578644329607,0.6162919469300836,0.04999756036376037,0.01999977990238273,0.004999596929664757,0.004999596929664757,0.8596254290667049,0.8757286671242877,0.9556834294766383,0.9999999999987912,0.9216761111428498,0.7643769046963151,0.7188465332332687,0.6928567811669114,0.6941383335290207,0.7196261467125902,0.5595616698265076,1.2014769315719604,108.04746038778244
20260407_zygote_p1_8_0,Z-P1_0-fov8_0,Apr 7,28.952,12.079,16.873,0.46495,pass,0.3,5984,83.78911013183911,70.84225637219257,38.199672383280735,23.29752601870042,1.8545251856315312,3.0407629236926743,0.21035674069908727,219.02012532247448,130.69505742498308,124.00798643314658,124.00798643314658,2.6139449668806525,1.5598095702356738,1.4800012168409873,1.4800012168409873,1646.0,0.9861575637842622,0.4977288678847505,0.049978268675017645,0.01999977990238273,0.004999663224127791,0.004999663224127791,0.7983620672024873,0.9999999999990031,0.864017264656722,0.6685554671895728,0.49955149464420695,0.4559125806356006,0.4325526306307081,0.4105486123342424,0.40931484540517415,0.4227330646028448,0.7630949020385742,1.3543426990509033,83.78911013183911
20260407_zygote_p1_8_1,Z-P1_0-fov8_1,Apr 7,36.4023,16.6311,19.7711,0.25284,pass,0.3,4192,83.78911013183911,70.84225637219257,38.199672383280735,23.29752601870042,1.8545251856315312,3.0407629236926743,0.21035674069908727,219.02012532247448,130.69505742498308,124.00798643314658,124.00798643314658,2.6139449668806525,1.5598095702356738,1.4800012168409873,1.4800012168409873,1646.0,0.9861575637842622,0.4977288678847505,0.049978268675017645,0.01999977990238273,0.004999663224127791,0.004999663224127791,0.7983620672024873,0.9999999999990031,0.864017264656722,0.6685554671895728,0.49955149464420695,0.4559125806356006,0.4325526306307081,0.4105486123342424,0.40931484540517415,0.4227330646028448,0.7630949020385742,1.3543426990509033,83.78911013183911
20260409_zygote_p2_9,Z-P2_0-fov9,Apr 9,16.5224,6.5446,9.9779,0.94486,caution,2.32,2661,100.39290706217115,72.42699814754661,60.28600773672943,34.621712824411404,1.2013898359706843,2.0919530013698835,0.35434706966162327,238.53014856082885,61.59535283807648,132.92142670245963,132.92142670245963,2.3759661231559535,0.6135428689836518,1.324012116674061,1.324012116674061,36868.0,0.7829468161663997,0.39164645010115706,0.049980721570149884,0.019990366088631986,0.004999596929664757,0.004999596929664757,0.9999999999996569,0.7734767380914511,0.672604195471181,0.6160769598478497,0.5820483737508801,0.552021738070091,0.5392029901199215,0.5156693124158205,0.5071059966386472,0.5005605202429994,0.17787779867649078,1.2292863130569458,100.39290706217115
20260425_zygote_p2_0,Z-P2_1-fov0,Apr 25,49.9763,22.558,27.4183,0.05248,pass,27.89,32782,112.87100042898956,83.5340634141698,71.74645503420952,24.78647166061709,1.1642953259508708,3.370147279846559,0.5621656710100971,145.49039517314756,135.27338037479984,133.94897849527516,133.94897849527516,1.2889971146812214,1.1984777193627034,1.186743953712029,1.186743953712029,8025.0,0.7435866446434887,0.4033954057436935,0.04478772626445281,0.018812123306600703,0.0049547071106981555,0.0049547071106981555,0.9999999999148015,0.9888703424812001,0.9848782209025357,0.9574256899124038,0.9458395931515036,0.9373341693438927,0.9244644913531195,0.9120684780416435,0.8993018271562203,0.8812237227316966,0.1660790890455246,1.046296238899231,112.87100042898956
20260425_zygote_p2_1,Z-P2_0-fov1,Apr 25,46.5122,20.9099,25.6023,0.109,pass,22.4,147176,101.57160835483205,75.41568186480521,60.26742850504674,31.57694750989964,1.2513505633833275,2.3883144326362555,0.3804312300212069,100.78009851813479,170.8660963762877,167.88260529562444,167.88260529562444,0.9922073614691662,1.6822229898847134,1.6528497122570973,1.6528497122570973,8627.0,0.6978808669296032,0.3460731054846573,0.04052487104827183,0.0199201305154684,0.004767091966956157,0.004767091966956157,0.9688524332952205,0.9999999999127765,0.9644545919225422,0.9412433964513083,0.9330120923686491,0.9260478286984128,0.9210541322914471,0.9116840889473707,0.9018602002454834,0.8883336787417466,0.0865832269191742,1.0377358198165894,101.57160835483205
20260425_zygote_p2_10,Z-P2_0-fov10,Apr 25,30.6959,14.2699,16.426,0.41432,pass,0.3,274612,102.53461050097535,70.84908834055348,69.09577353657666,26.82400252164624,1.0253751233810786,2.6412570473822146,0.5966452273188836,109.55757513977846,120.11996029085141,101.36376629120598,101.36376629120598,1.0684935899789927,1.171506465304243,0.988580975802905,0.988580975802905,4072.0,0.7442749083725404,0.3356614240724748,0.0481087164075843,0.019437366772617013,0.0048742885908266975,0.0048742885908266975,0.9788865094748436,0.999999999916358,0.9521362203847127,0.9193749924648664,0.9074954195306362,0.8975679738827781,0.8882643079160121,0.8827791308042013,0.8715326543626682,0.8647632249662561,0.13896115124225616,1.0467289686203003,102.53461050097535
20260425_zygote_p2_12,Z-P2_1-fov12,Apr 25,48.4927,22.3201,26.1727,0.0867,pass,19.76,315532,109.50543092484229,79.75513030766224,70.88569874222993,24.612523346236628,1.1251229881017648,3.240428701489824,0.5801905737887958,153.84120125434498,152.45129614149536,175.1499212286592,175.1499212286592,1.4048727862187878,1.392180218476545,1.5994633156542517,1.5994633156542517,6990.0,0.693934510004324,0.4142963577064431,0.04181636721504518,0.01927947700847148,0.00497634853437037,0.00497634853437037,0.9865625141633692,0.9999999999151183,0.9875083279996678,0.9463768561886057,0.9346472103883023,0.9291744420561037,0.9115710365319987,0.8957391296379484,0.8878247304211233,0.8706282741710546,0.1623954027891159,1.0654205083847046,109.50543092484229
20260425_zygote_p2_13,Z-P2_1-fov13,Apr 25,72.8928,27.8997,44.9931,0.0,out-of-domain,25.05,358432,111.24236412100153,78.64745114408518,74.40737319729439,25.553567610937936,1.0569846334793114,3.077748252759537,0.6211746757778548,164.1328759729999,157.8794452233437,227.90813767137772,227.90813767137772,1.4754529517101496,1.4192384803362792,2.0487530755344463,2.0487530755344463,6631.0,0.7482827969630806,0.38871121812115966,0.03972304367003515,0.01955382626265076,0.004967759331200853,0.004967759331200853,0.9957707614308999,0.9999999999131437,0.9892284365762266,0.9622840219538917,0.9497821168030492,0.9382089318008803,0.9277364938832362,0.9168290849305659,0.903286602363054,0.8874677448724428,0.14337854087352753,1.0467289686203003,111.24236412100153
20260425_zygote_p2_14,Z-P2_0-fov14,Apr 25,31.6851,11.3215,20.3636,0.38418,pass,2.06,338834,112.96136585226323,82.71234185003672,74.50124596511161,19.196432755526864,1.1102141939821533,4.3087347839399035,0.6686403903448395,175.09798466690378,176.96392801737488,184.173505188864,184.173505188864,1.5500696348328191,1.5665880552668732,1.630411443495861,1.630411443495861,3693.0,0.8854527715730828,0.48510418498189856,0.0497158236869003,0.019678874955854023,0.004994874266696779,0.004994874266696779,0.999999999929453,0.9676949913227396,0.9306825135340754,0.8737678967660832,0.8447390417076098,0.8285003667454492,0.8013459522638049,0.7767101861136575,0.7541100066692953,0.733187867593158,0.2550397217273712,1.1504424810409546,112.96136585226323
20260425_zygote_p2_16,Z-P2_1-fov16,Apr 25,50.3805,25.0969,25.2835,0.05248,pass,22.99,268890,105.15881686585638,90.11136618447073,51.07929695342663,18.144527321994502,1.7641465289251428,4.966310756904008,0.3654896231239061,132.03267513160208,134.93770580204293,144.46259294313228,144.46259294313228,1.2555549578355547,1.2831801321138219,1.373756341835384,1.373756341835384,2039.0,0.8784950562130804,0.4348465902189408,0.049724833929440874,0.019886110534287172,0.00498165363044566,0.00498165363044566,0.99999999995101,0.7592363585730644,0.6646443550756806,0.6101763111018935,0.5866532221033718,0.5690091766967136,0.5506059047988477,0.5322747319460043,0.5204966483967577,0.5113120000144202,0.3023947477340698,1.2053571939468384,105.15881686585638
20260425_zygote_p2_17,Z-P2_0-fov17,Apr 25,67.3206,27.9397,39.3809,0.0,caution,31.31,446332,94.86624934894694,65.7115039514661,60.084410237029275,32.73327298699906,1.0936531223088515,2.0074833937346224,0.41623057134715613,164.15313645036994,148.92332365975255,108.25271051731487,108.25271051731487,1.730363916003476,1.5698240745467145,1.1411087728157112,1.1411087728157112,3039.0,0.8603817214499273,0.3600378687447791,0.04228616294526808,0.018645139092040384,0.004815511494627453,0.004815511494627453,0.9895251192491369,0.9999999999126842,0.9632750647089843,0.9442899638745688,0.9353862387013183,0.9274777008025875,0.9193170852114554,0.9116413727712188,0.9043509048593005,0.8957528838431402,0.08457180857658386,1.0377358198165894,94.86624934894694
20260425_zygote_p2_18_0,Z-P2_1-fov18_0,Apr 25,70.6132,27.6204,42.9928,0.0,caution,46.59,66506,99.62816542419037,70.23761167495657,63.704706077809874,30.56402583966484,1.1025497941489208,2.298048357417513,0.4718366552620808,143.18171616110163,172.06814914637604,190.15281448992073,190.15281448992073,1.4371610087801052,1.7271034419498938,1.9086250536851233,1.9086250536851233,4107.0,0.8216619606478693,0.4061533382420372,0.04838491823499622,0.018877805448485243,0.004285422926469516,0.004285422926469516,0.9890199704850101,0.9999999999111561,0.9866019631529142,0.9666422354860422,0.9540556915593494,0.945996073814401,0.9390009812047247,0.9299365547615734,0.9213798197073548,0.9107292813148007,0.0709521546959877,1.0377358198165894,99.62816542419037
20260425_zygote_p2_18_1,Z-P2_0-fov18_1,Apr 25,40.9851,15.7461,25.239,0.186,pass,16.77,61296,99.62816542419037,70.23761167495657,63.704706077809874,30.56402583966484,1.1025497941489208,2.298048357417513,0.4718366552620808,143.18171616110163,172.06814914637604,190.15281448992073,190.15281448992073,1.4371610087801052,1.7271034419498938,1.9086250536851233,1.9086250536851233,4107.0,0.8216619606478693,0.4061533382420372,0.04838491823499622,0.018877805448485243,0.004285422926469516,0.004285422926469516,0.9890199704850101,0.9999999999111561,0.9866019631529142,0.9666422354860422,0.9540556915593494,0.945996073814401,0.9390009812047247,0.9299365547615734,0.9213798197073548,0.9107292813148007,0.0709521546959877,1.0377358198165894,99.62816542419037
20260425_zygote_p2_19_1,Z-P2_0-fov19_1,Apr 25,53.5925,26.3296,27.2629,0.03735,caution,32.7,154458,104.17618673714804,72.07574718496028,67.11967158448965,33.95164557445019,1.0738393739068373,2.122894011249511,0.46018288877035185,153.3782335360005,131.4881717109111,115.92260039613738,115.92260039613738,1.4722964706963217,1.2621710831142645,1.1127552554392495,1.1127552554392495,6144.0,0.7138732928130386,0.39167646659668837,0.048103327103634796,0.017442734856182213,0.0044775010875446955,0.0044775010875446955,0.9950358076334207,0.9999999999082212,0.9948373659815865,0.9858357893725915,0.9773632271177275,0.9707967270380853,0.9633244255441427,0.956881303795669,0.9495503062020093,0.9413473977231557,0.06880640983581543,1.0188679695129395,104.17618673714804
20260425_zygote_p2_2,Z-P2_0-fov2,Apr 25,82.8986,38.3841,44.5145,0.0,out-of-domain,2.1,250646,104.07728563205755,75.40752234140801,68.85320780358249,20.12517662093009,1.0951925647579186,3.7469245619469485,0.6461958836923466,196.599108899489,187.1620806702257,151.8889935077718,151.8889935077718,1.888972274945273,1.7982990018936238,1.459386561880135,1.459386561880135,2763.0,0.8208021242367105,0.38921721208547505,0.048151662423431885,0.019471892001043503,0.004982327293439347,0.004982327293439347,0.9999999999305775,0.9542843171507855,0.8877305121090159,0.8259880060959343,0.7907893964117343,0.7776016098315974,0.7606921227830623,0.7501935345162444,0.7363639695113052,0.7208907907341069,0.23784002661705017,1.1272727251052856,104.07728563205755
20260425_zygote_p2_20,Z-P2_0-fov20,Apr 25,38.0176,15.3471,22.6705,0.22177,pass,0.3,95404,107.65411343936965,78.19679670090768,68.53742163053238,27.879938349505288,1.1409357647200495,2.8047692543597744,0.5199379575176024,79.35140730676656,105.51672900403992,178.72543444054435,178.72543444054435,0.7370959086887194,0.9801458082075116,1.6601821061024264,1.6601821061024264,7532.0,0.6123252743250012,0.35423374630658017,0.03740842183159874,0.018494575412951204,0.00487546750106565,0.00487546750106565,0.9861992938323662,0.9999999999119117,0.9899983204322744,0.9695137657743134,0.956302255601246,0.9460843740877157,0.9350102196137158,0.923232551651748,0.9121842715274678,0.899972183314619,0.1198638454079628,1.0566037893295288,107.65411343936965
20260425_zygote_p2_21,Z-P2_0-fov21,Apr 25,25.0339,10.4397,14.5942,0.62633,pass,2.41,186592,109.09046826562599,86.90077607617353,61.902989908018,22.737748881982988,1.403821928496151,3.8218722840746984,0.4506891922462837,221.74393733745694,259.5253633373359,254.9089448950489,254.9089448950489,2.032660954070418,2.378992088716877,2.3366747490504176,2.3366747490504176,2876.0,0.8446948076841164,0.5188408821474565,0.04933040424663678,0.019769482628505006,0.004993021693464139,0.004993021693464139,0.9698967418052685,0.9827281441648923,0.9999999999238921,0.9098626805076228,0.8617086161199811,0.8552077036190024,0.8474780061241358,0.8325051431003693,0.8148091759343494,0.7972370047047708,0.24399252235889435,1.117117166519165,109.09046826562599
20260425_zygote_p2_22_0,Z-P2_1-fov22_0,Apr 25,23.6319,10.9796,12.6523,0.66772,pass,0.67,215774,122.68669783020539,91.31834304790547,79.17963341569981,21.06114193534082,1.1533059444108622,4.335868349037806,0.6364382982007439,120.08947599945449,161.0519628191252,241.54047894624722,241.54047894624722,0.9788304449014039,1.3127092370625781,1.9687584819649586,1.9687584819649586,3488.0,0.9269135991950818,0.4841624942800095,0.0478464930872914,0.019751630559172284,0.004997737334419952,0.004997737334419952,0.9768404398747198,0.9999999999249991,0.9644628258291001,0.9268069826919407,0.9184544736095733,0.9089529645177934,0.874677687693188,0.8597316466344961,0.8282706187373273,0.7887993212526265,0.24438120424747467,1.1391304731369019,122.68669783020539
20260425_zygote_p2_22_1,Z-P2_1-fov22_1,Apr 25,66.2597,28.0875,38.1722,0.0,caution,27.75,135479,122.68669783020539,91.31834304790547,79.17963341569981,21.06114193534082,1.1533059444108622,4.335868349037806,0.6364382982007439,120.08947599945449,161.0519628191252,241.54047894624722,241.54047894624722,0.9788304449014039,1.3127092370625781,1.9687584819649586,1.9687584819649586,3488.0,0.9269135991950818,0.4841624942800095,0.0478464930872914,0.019751630559172284,0.004997737334419952,0.004997737334419952,0.9768404398747198,0.9999999999249991,0.9644628258291001,0.9268069826919407,0.9184544736095733,0.9089529645177934,0.874677687693188,0.8597316466344961,0.8282706187373273,0.7887993212526265,0.24438120424747467,1.1391304731369019,122.68669783020539
20260425_zygote_p2_23,Z-P2_0-fov23,Apr 25,50.8776,22.9839,27.8937,0.05248,pass,10.98,286014,101.72766892889729,73.04047015416818,64.72627086440076,28.7074590542881,1.1284516788976409,2.5443027706402033,0.49313498723313187,173.163536896226,182.09113226130165,116.10933129912252,116.10933129912252,1.702226513369066,1.7899862681271923,1.1413741352797848,1.1413741352797848,3483.0,0.8346134504708568,0.36464357152925614,0.038922984657156906,0.01959188822179411,0.004858878549846094,0.004858878549846094,0.9545944176903762,0.9999999999163867,0.9596956689181043,0.918324800232071,0.9053527700707884,0.896131196500107,0.8873960365827003,0.8786899657965583,0.8663248522906537,0.8548926961197189,0.12262851744890213,1.0566037893295288,101.72766892889729
20260425_zygote_p2_25_0,Z-P2_0-fov25_0,Apr 25,26.6788,12.717,13.9618,0.55003,pass,0.3,158882,97.52583219014136,73.80160681853076,57.16158327058437,28.234095937052004,1.2911049922825428,2.613917738650244,0.3919628337184953,147.04913878094425,116.17500974187293,155.77089273359985,155.77089273359985,1.507796795688479,1.1912229400324341,1.5972269873347398,1.5972269873347398,2905.0,0.7718758724545478,0.42170469569655505,0.04772860206339607,0.01990690987921728,0.004667895091135656,0.004667895091135656,0.9964928880596914,0.9999999999124728,0.9945133888945892,0.9825701501644158,0.9656363271275006,0.9443523204515673,0.9304230383158916,0.9207565942432819,0.9108425374828809,0.897616627634289,0.09324916452169418,1.045871615409851,97.52583219014136
20260425_zygote_p2_26,Z-P2_1-fov26,Apr 25,23.7394,8.0915,15.648,0.64342,pass,0.3,331138,116.41739493275338,84.65537634482004,77.74274055053283,18.507927775364145,1.0889167870391347,4.574005950223052,0.6997170721228047,202.9820362838463,170.27703340972568,236.71227081373195,236.71227081373195,1.743571350806503,1.4626425204364084,2.0333066971405627,2.0333066971405627,2503.0,0.7270884597381293,0.45721292342219716,0.04833287776873385,0.01960889821238472,0.004998747828910483,0.004998747828910483,0.9999999999241276,0.966055293805315,0.9570677954485125,0.9352746372297441,0.9135895521997287,0.8700412668736064,0.8545775970056657,0.8329017737379429,0.8099422702164527,0.790398273084451,0.2478480041027069,1.1238938570022583,116.41739493275338
20260425_zygote_p2_4,Z-P2_0-fov4,Apr 25,34.834,15.2858,19.5482,0.29803,pass,1.34,209628,99.74801035986799,81.61309930584476,52.81083955344809,22.360295572881398,1.5453853498742718,3.6499113077429053,0.3731085311849863,79.54878170964808,81.28446562216213,119.74943995320373,119.74943995320373,0.7974974200002273,0.8148981068796087,1.2005195724772413,1.2005195724772413,5113.0,0.8755190597905929,0.3758441339652427,0.04817077761087777,0.01983280694991164,0.004960685869767134,0.004960685869767134,0.9999999999243614,0.9416402768976848,0.8795173241093,0.8449434152996604,0.8264735122521788,0.8141939063361832,0.8029519412584576,0.7959941903975821,0.7854830924138275,0.7791605871092436,0.1691359281539917,1.0654205083847046,99.74801035986799
20260425_zygote_p2_5,Z-P2_0-fov5,Apr 25,39.3293,13.9389,25.3904,0.2003,pass,3.35,392530,101.35741777040526,73.42420466268553,64.29683297597522,27.35195744359221,1.141956767111127,2.68442220743015,0.5031702447297778,57.60661050009834,104.9070145771383,101.30226264967568,101.30226264967568,0.5683511991420064,1.0350205821122338,0.9994558255192497,0.9994558255192497,3234.0,0.8714964970509644,0.3548561418116057,0.04927600595989651,0.019002938349562716,0.0048927301152788955,0.0048927301152788955,0.9746746493291996,0.9999999999141944,0.9760869813429739,0.9388584096089784,0.9267291393989058,0.9163501291647427,0.9040788009000724,0.894801231573101,0.8861453135302122,0.8745779254780253,0.1293167769908905,1.0566037893295288,101.35741777040526
20260425_zygote_p2_6,Z-P2_0-fov6,Apr 25,51.1266,23.2933,27.8333,0.05248,pass,18.14,258438,106.35880619610569,79.98343527102685,63.26407877225443,30.207649276370624,1.2642788065354107,2.64778738297273,0.41329093918734455,127.09507216827419,130.89616984083594,120.32058949832143,120.32058949832143,1.194965189238487,1.2307036275753633,1.1312705799386489,1.1312705799386489,7322.0,0.809184714036331,0.3442233528447316,0.048080843601220474,0.019488059912892007,0.004883214625493058,0.004883214625493058,0.9791730101572445,0.9999999999113892,0.9807897773204554,0.9586631542004078,0.9519161343527973,0.9433176913175767,0.936030171638485,0.9288692080174962,0.9242778326510122,0.9132271631758523,0.0994347631931305,1.0377358198165894,106.35880619610569
20260425_zygote_p2_7_0,Z-P2_0-fov7_0,Apr 25,50.4284,24.6732,25.7553,0.05248,pass,10.78,400188,94.27604159049015,67.5884880010376,57.828978494838914,31.234236887570706,1.168765013518347,2.1639230719931746,0.3934803396309086,147.63741975320684,93.65188853414418,77.94628461111644,77.94628461111644,1.5660120609273367,0.9933795051298756,0.8267878293289653,0.8267878293289653,3010.0,0.7970958611201178,0.3180483939469007,0.04805819168305773,0.01921842629966854,0.004780481018955698,0.004780481018955698,0.9745345990955344,0.9999999999126005,0.9851051466052958,0.9540608438613938,0.9380286856600568,0.9282847112897434,0.9200394508499105,0.9102535343607917,0.9000728685182094,0.8899913567784312,0.08942128717899323,1.047169804573059,94.27604159049015
20260425_zygote_p2_7_1,Z-P2_0-fov7_1,Apr 25,49.0088,22.619,26.3898,0.05583,pass,7.51,489412,94.27604159049015,67.5884880010376,57.828978494838914,31.234236887570706,1.168765013518347,2.1639230719931746,0.3934803396309086,147.63741975320684,93.65188853414418,77.94628461111644,77.94628461111644,1.5660120609273367,0.9933795051298756,0.8267878293289653,0.8267878293289653,3010.0,0.7970958611201178,0.3180483939469007,0.04805819168305773,0.01921842629966854,0.004780481018955698,0.004780481018955698,0.9745345990955344,0.9999999999126005,0.9851051466052958,0.9540608438613938,0.9380286856600568,0.9282847112897434,0.9200394508499105,0.9102535343607917,0.9000728685182094,0.8899913567784312,0.08942128717899323,1.047169804573059,94.27604159049015
20260425_zygote_p2_8_0,Z-P2_1-fov8_0,Apr 25,45.5225,21.271,24.2515,0.109,pass,5.24,171743,121.98811965529968,93.84540487953915,70.87137306448899,32.42514147980097,1.3241651670834698,2.894217193895124,0.4096762246842213,237.65886782136448,235.398257911682,92.87878200702247,92.87878200702247,1.9482132075213634,1.9296818136648235,0.7613756282832562,0.7613756282832562,4135.0,0.7752076028787599,0.48874697543050616,0.035102473404206046,0.018252898813965773,0.004310937912355434,0.004310937912355434,0.9999999999068526,0.9974237197494884,0.9979717087237087,0.9994633104070066,0.9955360679360736,0.9906494361314648,0.9842896087055892,0.9699109209653446,0.9599324191045968,0.9476899716140037,0.07498370856046677,1.0188679695129395,121.98811965529968
20260425_zygote_p2_8_1,Z-P2_0-fov8_1,Apr 25,63.8919,22.9039,40.988,0.0,caution,25.63,161046,121.98811965529968,93.84540487953915,70.87137306448899,32.42514147980097,1.3241651670834698,2.894217193895124,0.4096762246842213,237.65886782136448,235.398257911682,92.87878200702247,92.87878200702247,1.9482132075213634,1.9296818136648235,0.7613756282832562,0.7613756282832562,4135.0,0.7752076028787599,0.48874697543050616,0.035102473404206046,0.018252898813965773,0.004310937912355434,0.004310937912355434,0.9999999999068526,0.9974237197494884,0.9979717087237087,0.9994633104070066,0.9955360679360736,0.9906494361314648,0.9842896087055892,0.9699109209653446,0.9599324191045968,0.9476899716140037,0.07498370856046677,1.0188679695129395,121.98811965529968
20260425_zygote_p2_9_0,Z-P2_1-fov9_0,Apr 25,66.1683,19.6226,46.5457,0.0,out-of-domain,24.82,18570,111.5693279822714,87.93607118798111,62.18159755424,29.127499996403735,1.4141815783535368,3.0190050014533774,0.3758878095803103,174.92194479391483,145.70555343425528,282.1038456028731,282.1038456028731,1.5678318260900386,1.305964235541904,2.5285071459710937,2.5285071459710937,5014.0,0.7855379982957832,0.47791869676261356,0.044031455346164254,0.019072830885157807,0.0048915512050399425,0.0048915512050399425,0.9999999999119874,0.9986609950517076,0.976173287730698,0.9656142798938728,0.9626866798285131,0.9540549633762598,0.9418341015056818,0.9269755860612283,0.9155417026251561,0.9020935035680682,0.0822041779756546,1.0370370149612427,111.5693279822714
20260425_zygote_p2_9_1,Z-P2_1-fov9_1,Apr 25,52.5883,22.1151,30.4731,0.05248,pass,27.3,66852,111.5693279822714,87.93607118798111,62.18159755424,29.127499996403735,1.4141815783535368,3.0190050014533774,0.3758878095803103,174.92194479391483,145.70555343425528,282.1038456028731,282.1038456028731,1.5678318260900386,1.305964235541904,2.5285071459710937,2.5285071459710937,5014.0,0.7855379982957832,0.47791869676261356,0.044031455346164254,0.019072830885157807,0.0048915512050399425,0.0048915512050399425,0.9999999999119874,0.9986609950517076,0.976173287730698,0.9656142798938728,0.9626866798285131,0.9540549633762598,0.9418341015056818,0.9269755860612283,0.9155417026251561,0.9020935035680682,0.0822041779756546,1.0370370149612427,111.5693279822714
